ID,Predicted
0,3.87931
1,3.87931
2,3.72414
3,3.75862
4,3.72414
5,2.58621
6,3.48276
7,3.39655
8,3.82759
9,3.48276
10,3.74138
11,3.63793
12,3.27586
13,2.96552
14,2.82759
15,4
16,3.36207
17,3.89655
18,3.48276
19,3.44828
20,4.06897
21,3.87931
22,3.43103
23,3.96552
24,3.82759
25,4.05172
26,4.22414
27,3.63793
28,3.89655
29,3.48276
30,3.13793
31,4.15517
32,2.60345
33,3.86207
34,3.93103
35,3.51724
36,3.39655
37,2.68966
38,3.74138
39,3.56897
40,2.67241
41,3.94828
42,3.36207
43,4.06897
44,2.12069
45,3.48276
46,3.75862
47,3.81034
48,4.39655
49,3.91379
50,3.41379
51,3.96552
52,2.65517
53,3.63793
54,3.84483
55,3.84483
56,3.46552
57,4.13793
58,3.67241
59,3.96552
60,3.94828
61,3.65517
62,3.41379
63,2.7931
64,3.82759
65,4.34483
66,4.08621
67,3.93103
68,3.37931
69,3.87931
70,3.44828
71,3.86207
72,3.87931
73,4
74,3.75862
75,3.93103
76,3.05172
77,3.41379
78,3.15517
79,3.58621
80,2.5
81,3.7931
82,3.91379
83,3.93103
84,3.96552
85,3.68966
86,3.68966
87,3.68966
88,3.15517
89,3.65517
90,2.41379
91,4.06897
92,3.56897
93,4.18966
94,4.2069
95,3.44828
96,3.18966
97,3.51724
98,3.41379
99,3.51724
100,3.60345
101,4.01724
102,3.86207
103,3.68966
104,4.10345
105,2.58621
106,3.98276
107,3.62069
108,3.65517
109,2.98276
110,3.18966
111,2.93103
112,3.34483
113,3.55172
114,3.65517
115,3.27586
116,3.7931
117,3.7931
118,3.81034
119,4.06897
120,3.44828
121,4.13793
122,3.89655
123,3.7931
124,3.77586
125,3.18966
126,3.39655
127,4.13793
128,4.05172
129,3.44828
130,2.84483
131,3.91379
132,4
133,3.65517
134,3.89655
135,3.84483
136,4.17241
137,3.94828
138,3.75862
139,4.01724
140,3.25862
141,3.93103
142,3.37931
143,4.10345
144,3.74138
145,3.01724
146,4.18966
147,4.08621
148,4.12069
149,3.53448
150,3.63793
151,3.18966
152,3.67241
153,2.74138
154,2.58621
155,3.93103
156,4.22414
157,2.2931
158,3.68966
159,3.7069
160,4.08621
161,2.39655
162,4.01724
163,3.39655
164,3.06897
165,3.68966
166,3.53448
167,4.31034
168,3.84483
169,3.48276
170,3.84483
171,3.68966
172,4
173,3.72414
174,2.86207
175,3.86207
176,4.27586
177,3.77586
178,4.13793
179,3.7069
180,3.74138
181,3.43103
182,3.7069
183,3.31034
184,3.34483
185,3
186,4.03448
187,3.96552
188,3.34483
189,3.81034
190,3.60345
191,4.06897
192,3.34483
193,3.86207
194,3.68966
195,2.77586
196,3.60345
197,4.12069
198,3
199,3.01724
200,3.77586
201,4.36207
202,3.2931
203,2.82759
204,3.43103
205,3.24138
206,3.5
207,3.58621
208,3.24138
209,3.62069
210,3.48276
211,3.89655
212,3.29412
213,3.18966
214,2.87931
215,3.10345
216,3.7069
217,3.22414
218,3.65517
219,3.39655
220,2.8
221,3.60345
222,3.56897
223,4
224,4.15517
225,3.56897
226,3.31034
227,3.89655
228,4.25862
229,3.34483
230,3.2931
231,3.37931
232,3.44828
233,3.68966
234,4.01724
235,4.06897
236,3.98276
237,3.60345
238,3.25862
239,2.98276
240,4.01724
241,3.7069
242,3.37931
243,3.72414
244,3.03448
245,3.81034
246,3.44828
247,3.55172
248,4.17241
249,3.72414
250,3.31034
251,2.93103
252,4.06897
253,2.93103
254,3.98276
255,3.5
256,3.36207
257,3.7931
258,4.12069
259,4.08621
260,3.77586
261,3.96552
262,4.10345
263,3.39655
264,4.03448
265,4.03448
266,3.67241
267,4.05172
268,3.93103
269,3.93103
270,3.05172
271,3.75862
272,3.7069
273,3.60345
274,3.89655
275,4.03448
276,3.81034
277,3.98276
278,4.18966
279,3.44828
280,3.62069
281,4.05172
282,3.43103
283,3.44828
284,3.55172
285,3.24138
286,3.98276
287,3.2069
288,3.7931
289,4.03448
290,3.96552
291,3.01724
292,4.15517
293,3.82759
294,2.22414
295,3.15517
296,2.56897
297,3.96552
298,3.86207
299,2.17241
300,4
301,3.18966
302,3.375
303,3.81034
304,3.98276
305,4.01724
306,4
307,3.2931
308,3.84483
309,4.08621
310,3.89655
311,3.82759
312,2.98276
313,3.36207
314,4.03448
315,3.13793
316,3.36207
317,3.5
318,3.81034
319,3.36207
320,4.06897
321,4.22414
322,3.24138
323,3.44828
324,3.7931
325,3.93103
326,4.10345
327,4.13793
328,3.72414
329,3.68966
330,3.81034
331,3.63793
332,2.65517
333,3.93103
334,3.53448
335,3.15517
336,3.7069
337,4.06897
338,3.7069
339,3.08621
340,3.58621
341,3.72414
342,3.48276
343,2.46552
344,3.86207
345,3.34483
346,4.10345
347,2.7069
348,4.13793
349,3.01724
350,3.87931
351,3.2931
352,3.63793
353,3.89655
354,3.75862
355,3.48276
356,3.5
357,3.89655
358,3.77586
359,4.13793
360,3.94828
361,4.01724
362,2.25862
363,3.36207
364,3.94828
365,2.77586
366,4.32759
367,3.91379
368,3.10345
369,4.01724
370,4.03448
371,3.13793
372,3.43103
373,3.96552
374,3.81034
375,3.41379
376,4.08621
377,4.17241
378,3.98276
379,3.41379
380,3.74138
381,3.63793
382,3.27586
383,3.91379
384,2.41379
385,3.7069
386,3.94828
387,3.96552
388,3.7069
389,3.41379
390,3.81034
391,4.25862
392,3.28571
393,4.03448
394,3.75862
395,3.27586
396,3.56897
397,3.34483
398,3.34483
399,3.96552
400,3.7931
401,3.7069
402,3.89655
403,3.05172
404,4.27586
405,4.18966
406,2.85714
407,3.31034
408,3.15517
409,3.62069
410,3.82759
411,3.2931
412,4.24138
413,3.25862
414,3.91379
415,3.55172
416,3.94828
417,2.96552
418,3.93103
419,2.91379
420,3.17308
421,3.96552
422,3.31034
423,3.7931
424,3.55172
425,3.55172
426,3.13793
427,3.91379
428,3.1
429,3.68966
430,3.91379
431,3.01724
432,3.48276
433,3.94828
434,3.87931
435,4.10345
436,3.81034
437,3.65517
438,3.63793
439,3.72414
440,3.89655
441,4.06897
442,4.03448
443,4.12069
444,4.13793
445,2.74138
446,2.72414
447,3.53448
448,3.01724
449,3.91379
450,4.2069
451,4.10345
452,3.51724
453,3.08621
454,3.67241
455,3.63793
456,3.5
457,4.03448
458,3.56897
459,3.55172
460,4.22414
461,3.81034
462,3.60345
463,3.94828
464,3.68966
465,3.34483
466,3.93103
467,2.2931
468,3.34483
469,2.37931
470,4.12069
471,3.87931
472,3.77586
473,4.32759
474,3.98276
475,3.74138
476,3.60345
477,3.82759
478,3.03448
479,3.5
480,3.74138
481,2.96552
482,3.53448
483,3.63793
484,3.81034
485,4.12069
486,2.67241
487,3.77586
488,3.67241
489,3.46552
490,3.87931
491,2.6875
492,3.44828
493,4
494,3.37931
495,4.14286
496,3.51724
497,3.96552
498,3.72414
499,2.86207
500,2.86207
501,3.13793
502,3.375
503,4.2069
504,3.48276
505,3.94828
506,3.67241
507,3.96552
508,3.43103
509,3.82759
510,3.05172
511,3.7931
512,3.7931
513,4.06897
514,4.01724
515,3.89655
516,4.25862
517,2.94828
518,3.98276
519,3.44828
520,3.75862
521,2.65517
522,3.41379
523,3.68966
524,3.96552
525,3.39655
526,3.36364
527,3.58621
528,3.25862
529,3.55172
530,3.68966
531,3.58621
532,3.82759
533,3.7931
534,2.7069
535,2.94828
536,3.94828
537,3.75862
538,2.89655
539,4.27586
540,3.60345
541,3.58621
542,3.86207
543,3.60345
544,4
545,3.08621
546,3.96552
547,3.2069
548,3.72414
549,2.7931
550,3.87931
551,4.10345
552,3.62069
553,4.01724
554,3.72414
555,3.94828
556,3.7931
557,2.46552
558,3.81034
559,3.43103
560,4.10345
561,3.44828
562,3.7931
563,3.75862
564,3.96552
565,3.98276
566,3.75862
567,3.7069
568,3.7069
569,2.87931
570,3.96552
571,3.67241
572,3.46552
573,3.91379
574,3.65517
575,3.51724
576,3.58621
577,3.34483
578,4.2931
579,4.01724
580,3.18966
581,4.13793
582,3.34483
583,3
584,3.89655
585,3.74138
586,3.5
587,3.18966
588,3.39655
589,3.94828
590,2.94828
591,3.44828
592,3.74138
593,3.72414
594,4.01724
595,3.51724
596,3.68966
597,3.94828
598,3.41379
599,3.67241
600,3.74138
601,4
602,3.51724
603,3.18966
604,2.65517
605,3.18966
606,3.31034
607,3.67241
608,3.31034
609,4.18966
610,3.05172
611,3.48276
612,3.68966
613,3.44828
614,3.48276
615,3.51724
616,3.89655
617,3.43103
618,3.63793
619,4.03448
620,3.46552
621,3.91379
622,3.53448
623,3.98276
624,2.65517
625,3.48276
626,3.10417
627,3.60345
628,2.13793
629,3.98276
630,4.06897
631,3.7931
632,3.87931
633,4
634,3.58621
635,4.03448
636,3.58621
637,3.32759
638,3.96552
639,3.86207
640,3.39655
641,3.56897
642,3.55172
643,4
644,3.27586
645,3.46552
646,3.56897
647,3.48276
648,1.16667
649,3.84483
650,3.94828
651,3.44828
652,3.87931
653,3.81034
654,2.93103
655,2.93103
656,3.63793
657,3.81034
658,3.2069
659,3.77586
660,3.93103
661,3
662,3.86207
663,3.7069
664,3.89655
665,3.63793
666,3.91379
667,2.94828
668,3.86207
669,3.96552
670,3.93103
671,4.10345
672,3.87931
673,3.7931
674,3.86207
675,3.72414
676,2.96552
677,3.89655
678,3.36207
679,3.56897
680,3.37931
681,3.56897
682,3.58621
683,3.65
684,3.24138
685,3.96552
686,4.03448
687,3.82759
688,3.53448
689,3.82759
690,3.60345
691,3.7931
692,4.10345
693,3.82759
694,3.18966
695,3.12069
696,3.91379
697,2.94828
698,4.15517
699,4.18966
700,3.72414
701,4.17241
702,4.01724
703,3.10345
704,2.55172
705,3.51724
706,3.44828
707,3.53448
708,3.36207
709,4.22414
710,3.2069
711,4
712,3.22414
713,3.68966
714,3.24138
715,3.53448
716,3.53448
717,3.48276
718,3.60345
719,4.08621
720,3.93103
721,3.86207
722,3.98276
723,3.08621
724,4.08621
725,4.06897
726,4.03448
727,3.60345
728,3.89655
729,3.82759
730,3.7069
731,4
732,3.86207
733,3.81034
734,3.06897
735,3.13793
736,3.91379
737,3.37931
738,4.06897
739,4.10345
740,3.96552
741,3.72414
742,3.53448
743,4.01724
744,4
745,4.03448
746,3.96552
747,3.01724
748,3.5
749,3.91379
750,4.08621
751,3.91379
752,3.53448
753,3.31034
754,3.27586
755,3.31034
756,3.36207
757,4.01724
758,3.67241
759,3.60345
760,3.32759
761,3.65517
762,3.96552
763,3.93103
764,2.60345
765,3.67241
766,3.86207
767,3.96552
768,3.86207
769,3.2069
770,4.01724
771,3.22414
772,4.22414
773,4.08621
774,4.27586
775,3.74138
776,4.03448
777,2.67241
778,3.81034
779,3.91379
780,3.60345
781,2.90909
782,3.56897
783,2.87931
784,4.06897
785,3.72414
786,3.63793
787,2.30769
788,4.15517
789,4
790,3.58621
791,3.13793
792,3.36207
793,3.34483
794,3.36207
795,3.82759
796,3.7069
797,3.15517
798,3.87931
799,3.2069
800,3.60345
801,3.62069
802,3.53448
803,3.41379
804,3.25862
805,3.67241
806,3.98276
807,3.98276
808,3.56897
809,3.72414
810,3.82759
811,3.08621
812,4.22414
813,3.74138
814,3.46552
815,3.98276
816,3.93103
817,3.44828
818,4
819,3.87931
820,3.53571
821,3.67241
822,3.94828
823,3.67241
824,3.96552
825,3.22414
826,3.81034
827,2.39655
828,3.82759
829,3.31034
830,4.32759
831,3.65517
832,3.94828
833,3.91379
834,4.12069
835,3.2069
836,3.39655
837,4.18966
838,4.03448
839,3.01724
840,4.18966
841,4.13793
842,3.74138
843,4.10345
844,3.67241
845,3.96552
846,3.82759
847,4.24138
848,3.91379
849,3.87931
850,4.08621
851,3.41379
852,3.12069
853,3.96552
854,3.05172
855,4.01724
856,3.86207
857,3.08621
858,3.2931
859,3.03448
860,3.75862
861,3.91379
862,2.74138
863,2.22414
864,3.31034
865,3.05172
866,2.12069
867,3.56897
868,4.15517
869,3.7931
870,3.96552
871,2.81034
872,3.43103
873,4.17241
874,3.94828
875,3.53448
876,3.65517
877,3.77586
878,2.91379
879,3.67241
880,3.72414
881,3.89655
882,4.08621
883,3.44828
884,3.89655
885,3.65517
886,3.82759
887,3.91379
888,3.44828
889,2.56897
890,3.43103
891,3.7069
892,3.36207
893,4.06897
894,3.53448
895,3.94828
896,3.94828
897,3.94828
898,3.2931
899,3.27586
900,3.37931
901,4.01724
902,2.65517
903,3.7931
904,4.06897
905,3.84483
906,3.25862
907,4.15517
908,3.22414
909,3.87931
910,3.7931
911,3.68966
912,4.13793
913,3.03448
914,3.87931
915,4.05172
916,3.82759
917,3.96552
918,3.81034
919,3.55172
920,3.65517
921,3.48276
922,3.93103
923,2.72414
924,3.91379
925,4.06897
926,3.7931
927,3.81034
928,4.22414
929,4.01724
930,2.75862
931,2.32759
932,4.12069
933,3.72414
934,3.84483
935,3.87931
936,3.84483
937,3.81034
938,3.72414
939,3.81034
940,3.16667
941,3.74138
942,3.125
943,4.06897
944,4.12069
945,3
946,3.48276
947,3.7069
948,2.2931
949,3.75862
950,3.43103
951,3.89655
952,3.58621
953,3.43103
954,2.87037
955,4.05172
956,4
957,3.32759
958,3.7931
959,4.13793
960,3.94828
961,4
962,4.13793
963,3.96552
964,3.17241
965,3.60345
966,3.55172
967,3.7069
968,3.51724
969,4.10345
970,3.94828
971,4.06897
972,4.15517
973,3.12069
974,3.56897
975,3.62069
976,4.13793
977,2.98276
978,3.32759
979,3.65517
980,3.93103
981,3.74138
982,3.43103
983,4.22414
984,3.89655
985,3.31579
986,3.81034
987,3.93103
988,4.05172
989,3.82759
990,3.32759
991,2.48276
992,3.55172
993,3.81034
994,3.31034
995,3.13793
996,4.22414
997,3.74138
998,4.06897
999,3.81034
1000,4.12069
1001,3.58621
1002,3.58621
1003,3.81034
1004,3.86207
1005,3.91379
1006,3.7069
1007,3.55172
1008,2.84483
1009,3.05172
1010,3.53448
1011,3.89655
1012,3.60345
1013,3.63793
1014,4.24138
1015,4.01724
1016,2.41304
1017,3.68966
1018,4.15517
1019,3.53448
1020,4.18966
1021,2.48276
1022,3.2069
1023,4.13793
1024,3.08
1025,4.17241
1026,2.96552
1027,3.77586
1028,3.62069
1029,3.65517
1030,3.37931
1031,3.39655
1032,3.91379
1033,4.22414
1034,3.91379
1035,3.77586
1036,3
1037,3.87931
1038,3.5
1039,3.37931
1040,4.2069
1041,2.55172
1042,3.24138
1043,3.18966
1044,3.96552
1045,3.34483
1046,3.56897
1047,3.41379
1048,4.12069
1049,3.39655
1050,3.91379
1051,4.12069
1052,4
1053,3.72414
1054,3.36207
1055,3.87931
1056,4.01724
1057,3.74138
1058,3.43103
1059,4
1060,3.7069
1061,3.68966
1062,4.22414
1063,3.84483
1064,3.03448
1065,4
1066,3.89655
1067,3.15517
1068,4.05172
1069,4.08621
1070,3.75862
1071,3.96552
1072,4.10345
1073,3.03846
1074,2.7069
1075,3.46552
1076,4.08621
1077,2.44828
1078,3.31034
1079,3.5
1080,3.51724
1081,4.39655
1082,3.48276
1083,3.55172
1084,3.94828
1085,3.87931
1086,3.72414
1087,4
1088,3.51724
1089,3.86207
1090,3.03448
1091,2.77586
1092,3.44828
1093,3.55172
1094,3.81034
1095,3.63793
1096,3.94828
1097,3.77586
1098,3.5
1099,3.98276
1100,3.65517
1101,3.74138
1102,3.65517
1103,3.65517
1104,3.39655
1105,4.18966
1106,3.43103
1107,3.74138
1108,4.10345
1109,3.37931
1110,3.60345
1111,4.13793
1112,3.81034
1113,3.17241
1114,3.62069
1115,4.15517
1116,3.37931
1117,4.2931
1118,3.81034
1119,4.03448
1120,3.7069
1121,3.53448
1122,2.93103
1123,2.91379
1124,3.72414
1125,3.77586
1126,3.91379
1127,3.41379
1128,3.31034
1129,3.81034
1130,4.22414
1131,3.37931
1132,3.01724
1133,3.375
1134,3.89655
1135,2.7931
1136,2.72414
1137,2.68966
1138,3.89655
1139,4.13793
1140,3.39655
1141,3.10345
1142,3.2931
1143,3.77586
1144,3.65517
1145,3.53448
1146,3.94828
1147,3.81034
1148,2.86207
1149,3.22414
1150,3.65517
1151,3.18966
1152,3.39655
1153,4.06897
1154,3.44828
1155,4.05172
1156,4.24138
1157,3.53448
1158,3.89655
1159,4.2069
1160,3.7069
1161,3.32759
1162,3.2069
1163,3.74138
1164,4.12069
1165,3.18966
1166,4.03448
1167,4.12069
1168,2.98276
1169,3.51724
1170,3.84483
1171,4.05172
1172,3.93103
1173,4
1174,3.39655
1175,3.82759
1176,3.72414
1177,3.81034
1178,3.22414
1179,3.55172
1180,3.44828
1181,3.94828
1182,4.34483
1183,4.05172
1184,4.03448
1185,4.17241
1186,3.86207
1187,3.77586
1188,2.96552
1189,2.5
1190,4.01724
1191,3.68966
1192,4.13793
1193,3.13793
1194,3.60345
1195,3.2069
1196,4.01724
1197,3.82759
1198,3.17241
1199,3.89655
1200,4.05172
1201,3.67241
1202,3.75862
1203,3.89655
1204,3.62069
1205,3.58621
1206,3.96552
1207,3.93103
1208,3.77586
1209,3.01724
1210,3.36207
1211,4.05172
1212,3.82759
1213,3.32759
1214,1.7069
1215,3.86207
1216,3.55172
1217,3.96552
1218,4.15517
1219,4.2069
1220,3.98276
1221,2.93103
1222,3.18966
1223,2.93103
1224,3.2931
1225,3.10345
1226,4.03448
1227,3.7931
1228,3.05172
1229,3.60345
1230,3.72414
1231,3.82759
1232,4.15517
1233,3.48276
1234,3.48276
1235,4.01724
1236,2.77586
1237,3.13793
1238,3.18966
1239,3.18966
1240,2.98276
1241,4.24138
1242,2.87931
1243,3.89655
1244,3.72414
1245,3.75862
1246,2.93103
1247,4.2931
1248,3.77586
1249,3.48276
1250,3.98276
1251,3.7069
1252,3.51724
1253,4.06897
1254,3.25862
1255,3.2931
1256,3.65517
1257,3.84483
1258,2.68966
1259,3.87931
1260,3.25862
1261,3.81034
1262,3.87931
1263,3.22414
1264,3.62069
1265,3.60345
1266,3.36207
1267,3.65517
1268,3.67241
1269,3.82759
1270,3.72414
1271,3.7069
1272,3.63793
1273,3.77586
1274,3.84483
1275,3.89655
1276,4.05172
1277,3.74138
1278,3.63793
1279,3.82759
1280,3
1281,4.2069
1282,3.87931
1283,3.53448
1284,4.03448
1285,3.24138
1286,3.93103
1287,3.56897
1288,3.82759
1289,3.08621
1290,3.72414
1291,2.77586
1292,3.93103
1293,3.93103
1294,3.17241
1295,3.2069
1296,4
1297,3.94828
1298,3
1299,4
1300,3.37931
1301,4.01724
1302,3.94828
1303,3.32759
1304,3.18966
1305,4.10345
1306,4.12069
1307,3.2931
1308,3.93103
1309,3.91379
1310,3.10345
1311,3.65517
1312,4.13793
1313,4.06897
1314,4.18966
1315,3.86207
1316,4.03448
1317,4.03448
1318,2.75862
1319,3.43103
1320,4
1321,4.18966
1322,3.5
1323,2.77273
1324,3.82759
1325,3.94828
1326,4.41379
1327,3.93103
1328,3.5
1329,4.12069
1330,3.81034
1331,3.94828
1332,3.48276
1333,3.48276
1334,2.52778
1335,3.74138
1336,4.05172
1337,3.12069
1338,3
1339,2.58621
1340,4.34483
1341,3.93103
1342,4.06897
1343,3.60345
1344,3.1
1345,3.41379
1346,4.2931
1347,3.81034
1348,3.13793
1349,2.7931
1350,3.51724
1351,3.93103
1352,3.77586
1353,4.10345
1354,3.72414
1355,4.17241
1356,3.89655
1357,4.05172
1358,3.68966
1359,3.41379
1360,3.36207
1361,4.0625
1362,3.48276
1363,3.08621
1364,3.62069
1365,3.08621
1366,3.68966
1367,3.72414
1368,3.18966
1369,3.67241
1370,4.01724
1371,3.98276
1372,3.24138
1373,3.60345
1374,3.5
1375,3.56897
1376,4.01724
1377,4.06897
1378,3.77586
1379,3.25862
1380,3.86207
1381,3.46552
1382,3.03448
1383,3.87931
1384,3.91379
1385,3.58621
1386,2.68966
1387,3.81034
1388,2.32759
1389,3.7069
1390,4.34483
1391,3.31034
1392,3.63793
1393,3.93103
1394,3.72414
1395,4.03448
1396,3.67241
1397,3.91379
1398,4.18966
1399,3.96552
1400,3.72414
1401,3.96552
1402,3.81034
1403,3.98276
1404,3.11111
1405,3.2931
1406,4
1407,3.39655
1408,3.89655
1409,4.01724
1410,4.01724
1411,3.7931
1412,3.55172
1413,3.65517
1414,3.72414
1415,3.13793
1416,3.91379
1417,3.63793
1418,3.58621
1419,3.17241
1420,3.93103
1421,3.51724
1422,3.55172
1423,3.03448
1424,4.05172
1425,3.84483
1426,3.22414
1427,4.12069
1428,4.17241
1429,3.98276
1430,3.91379
1431,2.93103
1432,3.89655
1433,4.01724
1434,4.25862
1435,2.96552
1436,3.03448
1437,3.7931
1438,2.08
1439,3.98276
1440,4.08621
1441,4.06897
1442,3.34483
1443,4.01724
1444,3.93103
1445,3.62069
1446,4.06897
1447,3.62069
1448,4.15517
1449,4.34483
1450,3.68966
1451,2.81034
1452,3.98276
1453,3.46552
1454,4.08621
1455,3.4
1456,4.01724
1457,3.75862
1458,4
1459,3.31034
1460,3.53448
1461,3.25862
1462,3.36207
1463,4.06897
1464,4.2069
1465,3.10345
1466,4.10345
1467,3.17241
1468,3.87931
1469,4.22414
1470,4.08621
1471,3.34483
1472,3
1473,3.46552
1474,3.18966
1475,3.98276
1476,3.89655
1477,3.94828
1478,2.03448
1479,3.96552
1480,3.51724
1481,3.55172
1482,3.98276
1483,3.87931
1484,3.82759
1485,4.12069
1486,3.68966
1487,4
1488,3.82759
1489,3.22414
1490,3.81034
1491,2.48276
1492,3.7069
1493,3.25862
1494,4.2069
1495,3.15517
1496,3.94828
1497,3.58621
1498,3.84483
1499,3.77586
1500,3.65517
1501,3.2069
1502,3.82759
1503,4.03448
1504,3.96552
1505,4.13793
1506,4.06897
1507,2.87931
1508,3.84483
1509,4
1510,3.68966
1511,4.08621
1512,3.93103
1513,3.51724
1514,4.12069
1515,4.05172
1516,3.74138
1517,3.32759
1518,4
1519,3.93103
1520,3.87931
1521,3.91379
1522,3.81034
1523,3.60345
1524,3.96552
1525,3.41379
1526,3.74138
1527,3.68966
1528,3.72414
1529,4.01724
1530,3.65517
1531,4.22414
1532,3.62069
1533,3.08621
1534,3.06897
1535,3.51724
1536,3.93103
1537,3.98276
1538,3.41379
1539,3.75862
1540,4.37931
1541,3.68519
1542,4.2931
1543,3.65517
1544,3.34483
1545,3.91379
1546,3.91379
1547,4
1548,3.72414
1549,3.63793
1550,3.96552
1551,3.81034
1552,3.05172
1553,2.2931
1554,3.37931
1555,3.94828
1556,3.82759
1557,4.12069
1558,3.62069
1559,3.25862
1560,3.2931
1561,3.03448
1562,3.56897
1563,4.32759
1564,3.86207
1565,4.12069
1566,3.36207
1567,3.2069
1568,3
1569,3.72414
1570,2.68966
1571,4.01724
1572,3.89655
1573,3.86207
1574,3.78571
1575,4.05172
1576,3.70588
1577,3.75862
1578,3.18966
1579,2.53448
1580,3.82759
1581,3.55172
1582,3.5
1583,3.36207
1584,3.91379
1585,3.36207
1586,3.51724
1587,4.05172
1588,3.82759
1589,3.24138
1590,3.62069
1591,3.86207
1592,3.93103
1593,3.87931
1594,3.65517
1595,4.08621
1596,3.31034
1597,3.48276
1598,3.60345
1599,3.86207
1600,3.03846
1601,2.7069
1602,3.81034
1603,3.84483
1604,3.67241
1605,3.63793
1606,4.27586
1607,3.56897
1608,3.60345
1609,3.68966
1610,3.77586
1611,3.63793
1612,4.10345
1613,3.27586
1614,3.91379
1615,3.81034
1616,3.96552
1617,2.42857
1618,3.98276
1619,3.05172
1620,2.86207
1621,3.84483
1622,3.36207
1623,4.05172
1624,3.67241
1625,4.01724
1626,3.91379
1627,2.98276
1628,4.2931
1629,3.75862
1630,3.62069
1631,4.06897
1632,3.51724
1633,3.63793
1634,3.94828
1635,3.58621
1636,3.67241
1637,4.41379
1638,2.86207
1639,3.91379
1640,3.77586
1641,4.06897
1642,3.75862
1643,3.98276
1644,3.63793
1645,3.98276
1646,4
1647,3.7069
1648,3.74138
1649,3.82759
1650,4.25862
1651,3.65517
1652,3.22414
1653,4.15517
1654,2.31034
1655,4.2931
1656,4.01724
1657,4.15517
1658,3.36207
1659,3.94828
1660,2.89655
1661,3.98276
1662,3.77586
1663,3.62069
1664,4.2931
1665,4.18966
1666,4.01724
1667,3.43103
1668,3.94828
1669,2.60345
1670,4.27586
1671,3.5
1672,3.37931
1673,3.43103
1674,4.25862
1675,4.05172
1676,3.63793
1677,3.86207
1678,3.27586
1679,2.58621
1680,2.51724
1681,3.46552
1682,3.75862
1683,4.03448
1684,4.08621
1685,4.22414
1686,2.68966
1687,2.84483
1688,3.10345
1689,3.7069
1690,3.06897
1691,3.43103
1692,4.10345
1693,3.41379
1694,3.91379
1695,3.13793
1696,3.32759
1697,3.34483
1698,4.06897
1699,3.96552
1700,3.27586
1701,3.51724
1702,3.7069
1703,4.2069
1704,3.32759
1705,3.58621
1706,3.5
1707,3.5
1708,4.01724
1709,3.84483
1710,3.98276
1711,3.31034
1712,3.51724
1713,3.63793
1714,3.98276
1715,3.36207
1716,3.15517
1717,3.87931
1718,3.32759
1719,2.82759
1720,3.87931
1721,3.63793
1722,3.2069
1723,4.08621
1724,3.31034
1725,3.62069
1726,3.74138
1727,3.12069
1728,3.27586
1729,3.67241
1730,4.05172
1731,3.25862
1732,4.12069
1733,3.74138
1734,4.03448
1735,2.87931
1736,3.48276
1737,3.44828
1738,4.06897
1739,3.91379
1740,3.7069
1741,3.91379
1742,3.75862
1743,3.82759
1744,3.86207
1745,3.98276
1746,3.46552
1747,2.63793
1748,3.06897
1749,3.94828
1750,3.86207
1751,3.2931
1752,3.7069
1753,2.98276
1754,3.2069
1755,3.89655
1756,3.74138
1757,3.43103
1758,3.27586
1759,4
1760,4.15517
1761,4
1762,3.75862
1763,3.10345
1764,3.94828
1765,3.98276
1766,3.65517
1767,2.63793
1768,3.48276
1769,4.18966
1770,4.05172
1771,3.74138
1772,3.7069
1773,3.98276
1774,3.96552
1775,2.96552
1776,4.03448
1777,4.03448
1778,4.24138
1779,3.98276
1780,3.36207
1781,3.56897
1782,3.5
1783,3.18966
1784,4.03448
1785,3.84483
1786,3.55172
1787,3.94828
1788,3.41379
1789,3.84483
1790,3.93103
1791,3.60345
1792,2.84483
1793,4.05172
1794,3.55172
1795,3.68966
1796,4
1797,4.18966
1798,3.41379
1799,3.03448
1800,3.76316
1801,3.75862
1802,3.62069
1803,3.89655
1804,3.86207
1805,3.27586
1806,3.5
1807,3.87931
1808,3.91379
1809,2.72414
1810,3
1811,3.91379
1812,3.86207
1813,3.89655
1814,3.05172
1815,3.91379
1816,4.01724
1817,3.58621
1818,3.7931
1819,3.72414
1820,4.2069
1821,3.10345
1822,3.91379
1823,3.89655
1824,3.2931
1825,3.10345
1826,3.96552
1827,3.44828
1828,3.18966
1829,3.7931
1830,3.94828
1831,4.13793
1832,4.08621
1833,3.77586
1834,4.18966
1835,4.05172
1836,4.17241
1837,3.5
1838,4.10345
1839,3.91379
1840,3.63793
1841,3.98276
1842,3.56897
1843,3.48276
1844,3.96552
1845,3.60345
1846,3.03448
1847,3.68966
1848,3.65517
1849,3.06897
1850,3.94828
1851,3.77586
1852,3.75862
1853,4.18966
1854,3.41379
1855,4.10345
1856,4.03448
1857,3.60345
1858,3.65517
1859,4.10345
1860,3.84483
1861,3.82759
1862,3.67241
1863,3.2069
1864,3.08621
1865,3.58621
1866,3.5
1867,3.84483
1868,2.2069
1869,3.62069
1870,3.74138
1871,4.13793
1872,4.03448
1873,3.86207
1874,3.5
1875,4.22414
1876,3.87931
1877,3.62069
1878,3.5
1879,3.86207
1880,3.44828
1881,3.15517
1882,3.17241
1883,3.63793
1884,2.10345
1885,3.55172
1886,3.58621
1887,3.43103
1888,3.27586
1889,3.94828
1890,4.01724
1891,3.60345
1892,3.7931
1893,3.13793
1894,3.05172
1895,3.44828
1896,4.06897
1897,3.5
1898,3.2069
1899,3.24138
1900,4.13793
1901,2.86207
1902,3.75862
1903,3.58621
1904,3.56897
1905,4.31034
1906,3.51724
1907,3.56897
1908,3.74138
1909,3.41379
1910,3.91379
1911,3.91379
1912,4.2069
1913,3.10345
1914,3.86207
1915,3.17241
1916,3.63793
1917,3.81034
1918,2.81034
1919,3.17241
1920,3.84483
1921,4.18966
1922,3.72414
1923,3.75862
1924,4.39655
1925,3.51724
1926,3.86207
1927,3.25862
1928,3.58621
1929,3.24138
1930,2.67241
1931,3.89655
1932,4.34483
1933,3.77586
1934,4.13793
1935,3.7069
1936,2.53448
1937,3.53448
1938,3.27586
1939,3.25862
1940,3.84483
1941,4.2069
1942,3.7931
1943,2.7931
1944,4.22414
1945,3.43103
1946,3.37931
1947,3.10345
1948,4.13793
1949,3.96552
1950,4.15517
1951,3.87931
1952,3.89655
1953,4.12069
1954,3.86207
1955,3.56897
1956,3.60345
1957,4.03448
1958,4.10345
1959,3.22414
1960,2.68966
1961,3.81034
1962,3.75862
1963,3.06897
1964,2.94828
1965,4.06897
1966,3.89655
1967,3.77586
1968,3.71429
1969,3.86207
1970,2.7931
1971,3.56897
1972,3.81034
1973,3.46552
1974,2.84483
1975,2.22414
1976,2.37931
1977,3.425
1978,4.12069
1979,2.72414
1980,4.01724
1981,3.82759
1982,4.24138
1983,3.89655
1984,3.96552
1985,3.7931
1986,3.32759
1987,2.22414
1988,3.7069
1989,2.96552
1990,3.15517
1991,3.5
1992,3.77586
1993,3.18966
1994,3.41379
1995,3.51724
1996,3.41379
1997,3.43103
1998,2.55172
1999,3
2000,3.67241
2001,4.08621
2002,3.51724
2003,3.25862
2004,3.75862
2005,3.82759
2006,3.72414
2007,3.51724
2008,4.08621
2009,3.81034
2010,3.91379
2011,3.89655
2012,3.63793
2013,2.34483
2014,3.93103
2015,3.89655
2016,3.86207
2017,3.86207
2018,3.58621
2019,3.31034
2020,3.67241
2021,4.06897
2022,4.08621
2023,3.7931
2024,3.46552
2025,3.94828
2026,3.18966
2027,4.06897
2028,2.84483
2029,3.37931
2030,2.46552
2031,3.32759
2032,3.81034
2033,3.46552
2034,4.17241
2035,3.41379
2036,3.36207
2037,3.60345
2038,3.74138
2039,3.96552
2040,2.36207
2041,3.94828
2042,3.41379
2043,3.87931
2044,3.58621
2045,4.17241
2046,3.77586
2047,4.03448
2048,4.25862
2049,4.01724
2050,3.62069
2051,3.60345
2052,4.06897
2053,3.48276
2054,4.06897
2055,3.46552
2056,3.87931
2057,3.75862
2058,3.67241
2059,3.2931
2060,3.91379
2061,3.74138
2062,3.60345
2063,3.5
2064,4.06897
2065,3.81034
2066,4.05172
2067,4.03448
2068,3.82759
2069,3.82759
2070,3.72414
2071,3.56897
2072,3.55172
2073,3.60345
2074,3.56897
2075,4.03448
2076,2.55172
2077,3.84483
2078,3.7931
2079,3.34483
2080,3.65517
2081,3.91379
2082,3.86207
2083,3.13889
2084,3.7931
2085,3.41379
2086,3.98276
2087,4
2088,3.53448
2089,3.67241
2090,2.74138
2091,3.77586
2092,3.84483
2093,3.06897
2094,3.87931
2095,3.56897
2096,4.08621
2097,3.7931
2098,3.56897
2099,3.67241
2100,3.37931
2101,3.27586
2102,4.31034
2103,3.65517
2104,3.44828
2105,3.82759
2106,2.93103
2107,3.87931
2108,4.13793
2109,4.10345
2110,3.56897
2111,3.62069
2112,3.77586
2113,4.2069
2114,4.22414
2115,3.84483
2116,3.17241
2117,3.91379
2118,3.77586
2119,3.43103
2120,2.93103
2121,3.7069
2122,4.10345
2123,3.72414
2124,4
2125,3.68966
2126,3.94828
2127,3.65517
2128,3.68966
2129,3.36207
2130,3.44828
2131,2.88889
2132,3.98276
2133,2.44828
2134,3
2135,3.46552
2136,3.67241
2137,3.10345
2138,3.63793
2139,2.81034
2140,3.51724
2141,3.77586
2142,3.87931
2143,2.75
2144,3.17241
2145,3.94828
2146,3.32759
2147,3.51724
2148,3.36207
2149,3.01724
2150,3.87931
2151,3.93103
2152,3.82759
2153,3.84483
2154,3.2069
2155,3.68966
2156,3.86207
2157,3.91379
2158,3.37931
2159,4.06897
2160,4.06897
2161,4.15517
2162,3.98276
2163,3.48276
2164,3.56897
2165,3.98276
2166,4.27586
2167,4.03448
2168,3.84483
2169,3.84483
2170,3.27586
2171,4.15517
2172,3.67241
2173,3.36207
2174,3.93103
2175,4.13793
2176,3.98276
2177,3.81034
2178,3.75862
2179,3.94828
2180,3.63793
2181,4.08621
2182,4.08621
2183,2.15517
2184,3.98276
2185,2.87931
2186,3.94828
2187,3.89655
2188,3.05172
2189,3.18966
2190,4.01724
2191,3.74138
2192,3.62069
2193,3.7069
2194,3.93103
2195,3.93103
2196,4.44828
2197,2.36207
2198,3.68966
2199,3.53448
2200,2.65517
2201,2.51724
2202,4.24138
2203,3.82759
2204,3.96552
2205,3.62069
2206,3.94828
2207,3.72414
2208,3.89655
2209,3.74138
2210,3.39655
2211,3.67241
2212,3.51724
2213,4.07143
2214,3.96552
2215,3.86207
2216,4.05172
2217,3.39655
2218,3.51724
2219,3.86207
2220,3.84483
2221,3.62069
2222,3.87931
2223,3.31034
2224,4.10345
2225,3.17241
2226,3.05172
2227,4.03448
2228,3.7069
2229,3.56897
2230,4.24138
2231,3.13793
2232,3.81034
2233,4.15517
2234,3.65517
2235,3.2069
2236,3.60345
2237,3.75862
2238,3.93103
2239,4.2069
2240,3.93103
2241,3.81034
2242,3.43103
2243,4.17241
2244,3.48276
2245,3.46552
2246,4.06897
2247,3.98276
2248,4.06897
2249,4.12069
2250,4.03448
2251,3.32759
2252,3.46552
2253,4
2254,3.60345
2255,3.91379
2256,3.96552
2257,3.72414
2258,4.05172
2259,3.65517
2260,3.82759
2261,4.17241
2262,3.58621
2263,3.56897
2264,3.32759
2265,3.32759
2266,3.82759
2267,3.96552
2268,3.24138
2269,3.62069
2270,4.03448
2271,3.98276
2272,3.86207
2273,3.7931
2274,3.74138
2275,3.86207
2276,3.63793
2277,3.82759
2278,3.89655
2279,3.18966
2280,3.36207
2281,3.96552
2282,3.60345
2283,3.63793
2284,3.55172
2285,2.94828
2286,3.93103
2287,3.82759
2288,2.81034
2289,3.98276
2290,3.18966
2291,4.03448
2292,3.32759
2293,4.01724
2294,4.22414
2295,3.18966
2296,3.41379
2297,3.06897
2298,3.96552
2299,4.2069
2300,3.84483
2301,3.74138
2302,3.83333
2303,3.68966
2304,3.51724
2305,3.77586
2306,3.39655
2307,3.77586
2308,3.12069
2309,3.89655
2310,3.93103
2311,3.41379
2312,3.74138
2313,3.56897
2314,3.55172
2315,3.82759
2316,3.15517
2317,4.10345
2318,3.58621
2319,3.75862
2320,4.06897
2321,4.22414
2322,3.60345
2323,2.87931
2324,3.17241
2325,3.77586
2326,3.37931
2327,3.91379
2328,3.53448
2329,4.06897
2330,3.72414
2331,2.93103
2332,3.27586
2333,3.67241
2334,4.27586
2335,3.7069
2336,4.18966
2337,3.7069
2338,3.62069
2339,3.60345
2340,3.84483
2341,3.84483
2342,3.58621
2343,3.96552
2344,3.06897
2345,3.62069
2346,4.34483
2347,3.77586
2348,4.05172
2349,3.96552
2350,3.93103
2351,3.68966
2352,3.87931
2353,3.89655
2354,3.27586
2355,3.36207
2356,3.93103
2357,3.86207
2358,3.75862
2359,3.87931
2360,4.03448
2361,4.12069
2362,3.05172
2363,3.87931
2364,3.46552
2365,4.12069
2366,3.27586
2367,3.7931
2368,3.74138
2369,4
2370,3.17241
2371,3.43103
2372,3.75862
2373,2.72414
2374,3.46552
2375,4.03448
2376,3.81034
2377,3.12069
2378,3.81034
2379,4.25862
2380,3.2931
2381,3.7069
2382,3.5
2383,3.96552
2384,4.37931
2385,4.2069
2386,3.81034
2387,2.62069
2388,3.93103
2389,2.63793
2390,3.53448
2391,3.55172
2392,3.82759
2393,4.15517
2394,3.96552
2395,3.37931
2396,3.65517
2397,3.62069
2398,3.40476
2399,4.06897
2400,3.25862
2401,3.98276
2402,3.60345
2403,4.05172
2404,3.24138
2405,2.96552
2406,3.5
2407,3.48276
2408,3.36207
2409,3.32759
2410,3.86207
2411,2.87931
2412,4.06897
2413,3.2931
2414,4.03448
2415,3.46552
2416,3.53448
2417,4.2069
2418,3.60345
2419,3.7931
2420,3.63793
2421,3.86207
2422,3.5
2423,3.93103
2424,4.06897
2425,3.12069
2426,3.89655
2427,3.39655
2428,3.10345
2429,4.15517
2430,3.63793
2431,2.84483
2432,3.65517
2433,3.7931
2434,3.37931
2435,3.18966
2436,3.39655
2437,3.62069
2438,3.63793
2439,3.46552
2440,3.2069
2441,3.98276
2442,3.31034
2443,3.89655
2444,3.46552
2445,4.06897
2446,3.77586
2447,3.87931
2448,3.55172
2449,3.63793
2450,2.93103
2451,4.36207
2452,3.89655
2453,3.68966
2454,3.10345
2455,3.08621
2456,3.18966
2457,3.01724
2458,4.25862
2459,3.65517
2460,4.05172
2461,3.10345
2462,3.93103
2463,3.96552
2464,2.43103
2465,3.62069
2466,3.67241
2467,4.08621
2468,3.72414
2469,3.06897
2470,3.91379
2471,2.96552
2472,4.17241
2473,3.98276
2474,3.67241
2475,3.96552
2476,4.01724
2477,3.58621
2478,3.62069
2479,4.17241
2480,3.89655
2481,3.56897
2482,3.56897
2483,4.03448
2484,3.62069
2485,3.58621
2486,3.08621
2487,3.93103
2488,3.7069
2489,4.06897
2490,3.98276
2491,3.60345
2492,4.22414
2493,3.5
2494,4.12069
2495,2.98276
2496,3.46552
2497,3.7069
2498,4.18966
2499,2.65517
2500,2.25862
2501,3.27586
2502,3.96552
2503,3.87931
2504,3.60345
2505,4.34483
2506,2.82759
2507,4.05172
2508,4.03448
2509,3.25862
2510,4.06897
2511,4.06897
2512,3.41379
2513,3.58621
2514,3.74138
2515,3.43103
2516,3.17241
2517,3.91379
2518,2.94828
2519,4.39655
2520,3.98276
2521,4.01724
2522,3.36207
2523,3.53448
2524,3.27586
2525,3.27586
2526,3
2527,3.63793
2528,3.43103
2529,3.48276
2530,3.67241
2531,2.46552
2532,4.01724
2533,4.06897
2534,3.89655
2535,4.24138
2536,3.63793
2537,3.94828
2538,3.31034
2539,4.27586
2540,4
2541,3.96552
2542,3.2069
2543,4.03448
2544,3.12069
2545,3.93103
2546,3.27586
2547,3.94828
2548,4.15517
2549,3.24138
2550,3.58621
2551,3.96552
2552,3.46552
2553,3.06897
2554,3.46552
2555,2.9375
2556,3.87931
2557,3.96552
2558,3.94828
2559,2.62069
2560,2.62069
2561,3.41379
2562,1.62069
2563,3.72414
2564,3.55172
2565,3.39655
2566,3.67241
2567,3.68966
2568,3.12069
2569,2.86207
2570,3.91379
2571,3.5
2572,3.98276
2573,2.84483
2574,3.60345
2575,2.72414
2576,3.67241
2577,3.63793
2578,3.31034
2579,3.31034
2580,3.84483
2581,3.7069
2582,4.15517
2583,4.10345
2584,3.89655
2585,3.93103
2586,2.87931
2587,4.06897
2588,3.87931
2589,3.65517
2590,3.31034
2591,3.75862
2592,3.74138
2593,3.75862
2594,3.62069
2595,3.24138
2596,4
2597,4.01724
2598,3.17241
2599,4.10345
2600,3.34483
2601,3.81034
2602,4.15517
2603,3.06897
2604,3.46552
2605,4.2069
2606,3.87931
2607,3.94828
2608,3.27586
2609,3.91379
2610,4.22414
2611,4.01724
2612,3
2613,2.68966
2614,3.05172
2615,2.81034
2616,3.36207
2617,3.43103
2618,3.63793
2619,3.84483
2620,3.72414
2621,3.91379
2622,3.56897
2623,4.24138
2624,4.01724
2625,3.44828
2626,3.60345
2627,3.75862
2628,3.13793
2629,3.86207
2630,4.25862
2631,3.31034
2632,3.60345
2633,3.89655
2634,3.37931
2635,3.08621
2636,3.7069
2637,3.32759
2638,3.7931
2639,3.24138
2640,3.96552
2641,3.43103
2642,4.10345
2643,3.89655
2644,2.10345
2645,4.32759
2646,3.2069
2647,2.94828
2648,2.7069
2649,3.41379
2650,3.87931
2651,3.44828
2652,3.89655
2653,3.41379
2654,3.86207
2655,3.63793
2656,3.68966
2657,3.03448
2658,3.93103
2659,4.18966
2660,4.31034
2661,2.81034
2662,3.91379
2663,3.39655
2664,3.63793
2665,3.7931
2666,4
2667,3.81034
2668,4.08621
2669,3.94828
2670,3.91379
2671,3.84483
2672,3.82759
2673,3.7931
2674,3.86207
2675,2.72414
2676,4.17241
2677,3.56897
2678,3.87931
2679,2.87931
2680,3.60345
2681,3.93103
2682,2.7931
2683,3.37931
2684,3.96552
2685,3.91379
2686,3.7069
2687,3.62069
2688,2.63793
2689,3.96552
2690,3.43103
2691,3.53448
2692,3.81034
2693,3.44828
2694,3.58621
2695,3.5
2696,3.81034
2697,3.37931
2698,3.91379
2699,3.56897
2700,3.86207
2701,2.53448
2702,3.15517
2703,3.34483
2704,2.60345
2705,2.60345
2706,4.01724
2707,3.60345
2708,3.7069
2709,3.67241
2710,3.56897
2711,3.43103
2712,3.34483
2713,4.13793
2714,3.77586
2715,3.94828
2716,2.67857
2717,2.65517
2718,3.91379
2719,3.93103
2720,3.91379
2721,3.98276
2722,3.63793
2723,3.24138
2724,3.56897
2725,3.67241
2726,4.03448
2727,3.82759
2728,3.94828
2729,4.03448
2730,3.24138
2731,3.7069
2732,3.31034
2733,4.22414
2734,3.7931
2735,3.34483
2736,3.34483
2737,3.46552
2738,3.77586
2739,4.13793
2740,3.22414
2741,3.10345
2742,3.82759
2743,3.91379
2744,3.93103
2745,3.06897
2746,4.10345
2747,3.82759
2748,3.5
2749,3.67241
2750,3.48276
2751,3.67241
2752,3.06897
2753,3.86207
2754,4.06897
2755,3.44828
2756,3.84483
2757,3.98276
2758,3.74138
2759,3.56897
2760,3.31034
2761,3.08621
2762,3.65517
2763,3.39655
2764,4
2765,2.77586
2766,4
2767,3.86207
2768,3.89655
2769,3.67241
2770,2.74138
2771,3.65517
2772,2.39655
2773,3.98276
2774,3.60345
2775,3.67241
2776,3.74138
2777,3.62069
2778,3.96552
2779,3.43103
2780,3.93103
2781,3.7069
2782,3.06897
2783,3.77586
2784,3.27586
2785,3.75862
2786,3.94828
2787,3.55172
2788,3.19444
2789,3.62069
2790,3.22414
2791,3.75862
2792,3.43103
2793,3.27586
2794,3.03448
2795,3.84483
2796,4.17241
2797,4.41379
2798,2.86207
2799,3.2931
2800,3.93103
2801,3.67241
2802,3.46552
2803,3.72414
2804,4.22414
2805,3.94828
2806,3.63793
2807,3.96552
2808,3.68966
2809,3.77586
2810,3.58621
2811,4.12069
2812,3.67241
2813,4.12069
2814,3.24138
2815,3.55172
2816,3.82759
2817,3.68966
2818,4
2819,4.05172
2820,3.7931
2821,3.43103
2822,3.67241
2823,2.27586
2824,3.48276
2825,4
2826,3.96552
2827,3.96552
2828,3.93103
2829,4.06897
2830,4.12069
2831,3.58621
2832,3.32759
2833,3.96552
2834,3.5
2835,3.81034
2836,3.56897
2837,3.56897
2838,3.96552
2839,2.89655
2840,3.17241
2841,3.84483
2842,3.22414
2843,4.12069
2844,4.12069
2845,4.24138
2846,2.93103
2847,2.98276
2848,3.75862
2849,3.51724
2850,3.91379
2851,4.06897
2852,4.05172
2853,4.13793
2854,3.96552
2855,4.08621
2856,2.72414
2857,3.62069
2858,3.89655
2859,3.93103
2860,3.56897
2861,3.98276
2862,3.81034
2863,2.5
2864,3.58621
2865,4.03448
2866,4.34483
2867,2.96552
2868,3.89655
2869,3.82759
2870,2.94828
2871,4.05172
2872,3.03448
2873,3.62069
2874,3.82759
2875,3.82759
2876,3.15517
2877,3.58621
2878,3.37931
2879,3.58621
2880,2.53448
2881,2.10345
2882,4.24138
2883,3.31034
2884,3.87931
2885,4.18966
2886,3.22414
2887,2.39655
2888,3.24138
2889,3.13158
2890,3.36207
2891,4.32759
2892,3.91379
2893,3.7069
2894,3.98276
2895,3.98276
2896,3.53448
2897,4.08621
2898,3
2899,3.89655
2900,3.96552
2901,2.89655
2902,4
2903,4.01724
2904,3.32759
2905,3.5
2906,3.91379
2907,4.10345
2908,3.82759
2909,4.01724
2910,3.93103
2911,3.12069
2912,4.18966
2913,3.68966
2914,3.60345
2915,3.03448
2916,4.05172
2917,3.53448
2918,3.32759
2919,4.13793
2920,4.24138
2921,3.41379
2922,3.2931
2923,3.2931
2924,3.89655
2925,3.65517
2926,3.81034
2927,4.17241
2928,3.98276
2929,3.68966
2930,4.18966
2931,3.75862
2932,2.53448
2933,3.25862
2934,3.58621
2935,3.84483
2936,3.72414
2937,3.51724
2938,3.94828
2939,4.06897
2940,4.24138
2941,3.68966
2942,3.48276
2943,4.13793
2944,4.03448
2945,4.01724
2946,3.82759
2947,3.72414
2948,3.89655
2949,3.56897
2950,3.41379
2951,2.36207
2952,3.7069
2953,4.10345
2954,3.37931
2955,3.84483
2956,3.05172
2957,3.75862
2958,4.22414
2959,3.36207
2960,2.86207
2961,3.75862
2962,4.10345
2963,2.84483
2964,3.05172
2965,3.46552
2966,2.5
2967,4.08621
2968,4.06897
2969,4.15517
2970,3.58621
2971,3.75862
2972,3.36207
2973,3.51724
2974,3.25862
2975,3.7931
2976,3.39655
2977,3.60345
2978,3.53448
2979,3.65517
2980,3.82759
2981,3.39655
2982,4.2069
2983,4.17241
2984,3.87931
2985,4.37931
2986,3.2931
2987,3.77586
2988,3.72414
2989,3.67241
2990,3.75862
2991,3.87931
2992,3.96552
2993,3.63793
2994,4.2069
2995,3.94828
2996,3.39655
2997,4.17241
2998,4
2999,3.89655
3000,2.86207
3001,3.81034
3002,3.63793
3003,4.13793
3004,2.84483
3005,3.75862
3006,3.94828
3007,3.37931
3008,3.7931
3009,4.32759
3010,4.12069
3011,2.86207
3012,4.08621
3013,3.56897
3014,2.44828
3015,3.7069
3016,4.01724
3017,3.7931
3018,3.98276
3019,3.41379
3020,3.63793
3021,2.75862
3022,3.63793
3023,4.17241
3024,3.5
3025,4.2931
3026,3.27586
3027,3.39655
3028,3.89655
3029,3.48276
3030,3.32759
3031,3.01724
3032,2.74138
3033,3.39655
3034,3.55172
3035,3.74138
3036,3.2931
3037,3.74138
3038,3.98276
3039,3.36207
3040,3.94828
3041,2.55556
3042,3.44828
3043,2.46552
3044,3.53448
3045,4.03448
3046,3.22414
3047,3.84483
3048,3.32759
3049,3.36207
3050,4.34483
3051,4.18966
3052,2.58621
3053,3.98276
3054,3.55172
3055,3.2069
3056,3.96552
3057,4.12069
3058,2.5
3059,2.98276
3060,3.98276
3061,3.77586
3062,3.46552
3063,3.39655
3064,3.74138
3065,3.77586
3066,3.44828
3067,3.74138
3068,3.7931
3069,3.89655
3070,3.7931
3071,3.32759
3072,3.34483
3073,3.77586
3074,3.05172
3075,3.82759
3076,4.10345
3077,3.41379
3078,3.27586
3079,1.31034
3080,2.60345
3081,3.68966
3082,3.75862
3083,3.5
3084,3.94828
3085,3.48276
3086,3.72414
3087,2.39655
3088,3.01724
3089,4.18966
3090,3.94828
3091,3.91379
3092,3.75862
3093,3.67241
3094,3.98276
3095,3.43103
3096,3.41379
3097,4.18966
3098,4.17241
3099,3.44828
3100,3.91379
3101,3.56897
3102,2.24138
3103,3.89655
3104,4.01724
3105,3.81034
3106,4.18966
3107,3.89655
3108,2.89655
3109,3.65517
3110,3.96552
3111,3.60345
3112,3.7069
3113,3.93103
3114,3.75862
3115,3.57143
3116,4.01724
3117,4.12069
3118,3.65517
3119,3.96552
3120,3.65517
3121,3.27586
3122,3.15517
3123,2.87931
3124,3.7069
3125,4.10345
3126,3.31034
3127,3.63793
3128,2.87931
3129,2.66667
3130,3.41379
3131,3.84483
3132,4.18966
3133,3.55172
3134,2.68966
3135,3.5
3136,4.06897
3137,3.60345
3138,4
3139,3.77586
3140,3.75862
3141,3.75862
3142,3.91379
3143,3.72414
3144,3.67241
3145,3.43103
3146,3.13793
3147,3.84483
3148,3.48276
3149,3.56897
3150,3.5
3151,3.82759
3152,3.67241
3153,3.67241
3154,3.7931
3155,3.28571
3156,3.72414
3157,4.22414
3158,3.2069
3159,3.81034
3160,4.15517
3161,3.87931
3162,3.72414
3163,3.06897
3164,2.94828
3165,3.37931
3166,3.01724
3167,3.91379
3168,3.13793
3169,3.03448
3170,3.84483
3171,2.93103
3172,4.15517
3173,2.65517
3174,3.01724
3175,3.15517
3176,3.81034
3177,3.58621
3178,3.91379
3179,3.56897
3180,3.56897
3181,3.39655
3182,4.2931
3183,3.84483
3184,3.84483
3185,3.51724
3186,2.94828
3187,3.18966
3188,2.67241
3189,3.7931
3190,3.89655
3191,3.94828
3192,4.12069
3193,3.7931
3194,3.24138
3195,4.06897
3196,3.41667
3197,2.74138
3198,4.17241
3199,3.94828
3200,3.87931
3201,3.24138
3202,3.98276
3203,4.25862
3204,4.03448
3205,3.82759
3206,3.68966
3207,3.84483
3208,3.31034
3209,4.03448
3210,3.63793
3211,3.7069
3212,3.41379
3213,4.06897
3214,2.84483
3215,4.2931
3216,3.60345
3217,3.7931
3218,3.94828
3219,3.93103
3220,3.72414
3221,4.03448
3222,3.84483
3223,3.87931
3224,3.34483
3225,3.24138
3226,4.08621
3227,3.72414
3228,3.67241
3229,3.91379
3230,4.18966
3231,3.17241
3232,3.91379
3233,3.06897
3234,4
3235,4.08621
3236,3.53448
3237,4.01724
3238,4.2931
3239,3.53448
3240,3.31034
3241,3.86207
3242,4.08621
3243,3.93103
3244,4.15517
3245,3.44828
3246,3.62069
3247,4.15517
3248,3.72414
3249,3.7931
3250,4.2069
3251,3.74138
3252,3.93103
3253,3.12069
3254,3.75862
3255,4
3256,3.60345
3257,3.60345
3258,4.05172
3259,3.56897
3260,3.96552
3261,3.10345
3262,4.05172
3263,3.72414
3264,3.05172
3265,3.94828
3266,3.72414
3267,3.68966
3268,3.44828
3269,3.94828
3270,4.01724
3271,3.94828
3272,3.67241
3273,3.58621
3274,4.25862
3275,3.60345
3276,4.25862
3277,2.98276
3278,3.84483
3279,3.12069
3280,3.84483
3281,3.65517
3282,3.12069
3283,3.36207
3284,4.03448
3285,3.46552
3286,3.93103
3287,4.12069
3288,2.75
3289,4.01724
3290,3.93103
3291,3.13793
3292,3.65517
3293,3.86207
3294,3.46552
3295,4.22414
3296,3.84483
3297,3.34483
3298,3.91379
3299,3.74138
3300,4
3301,3.60345
3302,3.87931
3303,3.93103
3304,4.25862
3305,4
3306,3
3307,3.72414
3308,3.37931
3309,3.87931
3310,4.03448
3311,3.86207
3312,3.31034
3313,3.63793
3314,4.03448
3315,3.98276
3316,4.32759
3317,3.62069
3318,3.41379
3319,3.74138
3320,3.91379
3321,3.43103
3322,3.12069
3323,3.7069
3324,4.10345
3325,3.22414
3326,3.51724
3327,3.51724
3328,4.12069
3329,3.89655
3330,3.51724
3331,3.77586
3332,3.37931
3333,3.15517
3334,3.62069
3335,3.84483
3336,3.03448
3337,2.725
3338,3.55172
3339,3.37931
3340,1.96552
3341,3.89655
3342,3.98276
3343,2.65517
3344,2.375
3345,3.41379
3346,3.89655
3347,3.53448
3348,3.25862
3349,3.94828
3350,3.93103
3351,3.7069
3352,3.82759
3353,3.24138
3354,2.81034
3355,3.37931
3356,3.94828
3357,4.05172
3358,3.94828
3359,3.27586
3360,2.74138
3361,2.75862
3362,3.93103
3363,4.05172
3364,4.2069
3365,3.98276
3366,3.74138
3367,3.82759
3368,2.37037
3369,4.03448
3370,3.84483
3371,4.24138
3372,4
3373,4.03448
3374,3.31034
3375,3.56897
3376,4.08621
3377,3.87931
3378,3.96552
3379,3.62069
3380,2.81034
3381,3.74138
3382,3.62069
3383,4
3384,4.22414
3385,4.18966
3386,4.05172
3387,4.2931
3388,4.15517
3389,3.06897
3390,3.60345
3391,2.81034
3392,3.62069
3393,4.06897
3394,4.10345
3395,3.48276
3396,2.66667
3397,3.77586
3398,3.17241
3399,3.18966
3400,3.68966
3401,4.10345
3402,3.5
3403,4.01724
3404,3.89655
3405,3.63636
3406,3.7931
3407,3.89655
3408,3.60345
3409,4.41379
3410,4.18966
3411,3.87931
3412,3.91379
3413,3.94828
3414,3.55172
3415,3.96552
3416,3.5
3417,3.41379
3418,3.48276
3419,3.39655
3420,3.96552
3421,3.13793
3422,3.84483
3423,1.9375
3424,4
3425,3.32759
3426,3.44828
3427,4.18966
3428,3.94828
3429,3.91379
3430,3.84483
3431,4.10345
3432,3.43103
3433,4.03448
3434,3.72414
3435,4.03448
3436,4.32759
3437,4.05172
3438,3.7931
3439,3.13793
3440,4.05172
3441,3.53448
3442,3.7069
3443,3.51724
3444,3.27586
3445,3.2931
3446,3.77586
3447,3.84483
3448,3.72414
3449,4.03448
3450,3.89655
3451,3.55172
3452,3.03448
3453,3.48276
3454,4.12069
3455,2.87931
3456,3.77586
3457,4
3458,3.86207
3459,3.98276
3460,3.22414
3461,4.17241
3462,3.75862
3463,4.22414
3464,3.63793
3465,3.51724
3466,4.12069
3467,4.25862
3468,3.7931
3469,3.7069
3470,3.77586
3471,3.32759
3472,3.7069
3473,3.91379
3474,1.9375
3475,3.43103
3476,3.34483
3477,4.13793
3478,4.13793
3479,3.91379
3480,3.56897
3481,2.93103
3482,4.24138
3483,3.81034
3484,3.98276
3485,3.7931
3486,3.65517
3487,3.43103
3488,3.2069
3489,3.65517
3490,3.7931
3491,3.67241
3492,4.06897
3493,3.87931
3494,3.37931
3495,3.67241
3496,3.7931
3497,4.15517
3498,4.2069
3499,4.08621
3500,4.17241
3501,3.68966
3502,3.56897
3503,3.87931
3504,3.89655
3505,3.41379
3506,3.65517
3507,3.53448
3508,3.62069
3509,3.7931
3510,4.15517
3511,2.39655
3512,3.60345
3513,3.86207
3514,3.5
3515,3.62069
3516,3.86207
3517,4.31034
3518,3.18966
3519,3.63793
3520,4
3521,3.34483
3522,3.37931
3523,4.03448
3524,3.7069
3525,3.72414
3526,4.10345
3527,3.72414
3528,3.68966
3529,3.82759
3530,4.10345
3531,4.03448
3532,2.87931
3533,3.5
3534,4.12069
3535,4.05172
3536,3.91379
3537,3.43103
3538,4.2069
3539,3.63793
3540,3.39655
3541,3.77586
3542,3.81034
3543,3.63793
3544,3.53448
3545,4.15517
3546,3.5
3547,4.08621
3548,3.81034
3549,3.41176
3550,3.94828
3551,3.72414
3552,3.74138
3553,3.81034
3554,3.41379
3555,3.91379
3556,3.67241
3557,3.37931
3558,3.51724
3559,3.10345
3560,3.18966
3561,3.94828
3562,3.53448
3563,3.77586
3564,3.7931
3565,3.17241
3566,3.89655
3567,3.67241
3568,3.81034
3569,3.53448
3570,3.7069
3571,3.72414
3572,3.86207
3573,2.68966
3574,4.18966
3575,3.27586
3576,3.39655
3577,3.84483
3578,2.84483
3579,3.32759
3580,3.53448
3581,4.08621
3582,3.98276
3583,3.34483
3584,3.75862
3585,4.03448
3586,3.2931
3587,3.51724
3588,3.55172
3589,3.87931
3590,4.03448
3591,3.77586
3592,3.82759
3593,3.96552
3594,4.22414
3595,3.03448
3596,4.2069
3597,4.05172
3598,3.27586
3599,4.05172
3600,4.37931
3601,3.58621
3602,3.03448
3603,3.91379
3604,3.32759
3605,3.39655
3606,4.32759
3607,3.67241
3608,3.87931
3609,3.91379
3610,2.27586
3611,3.35714
3612,4.13793
3613,4.12069
3614,3.75862
3615,4.03448
3616,2.93103
3617,3.98276
3618,4.05172
3619,4.01724
3620,2.74138
3621,3.65517
3622,4.03448
3623,3.39655
3624,3.15517
3625,4.2069
3626,4.13793
3627,3.22414
3628,3.18966
3629,2.98276
3630,3.68966
3631,3.26316
3632,3.89655
3633,3.43103
3634,1.39655
3635,2.62069
3636,4.03448
3637,3.74138
3638,3.41379
3639,4.24138
3640,3.55172
3641,4.15517
3642,3.65517
3643,4.36207
3644,3.41379
3645,3.72414
3646,4.06897
3647,3.7069
3648,3.17241
3649,3.58621
3650,4.10345
3651,3.93103
3652,3.91379
3653,3.13793
3654,4.25862
3655,3.60345
3656,2.87931
3657,3.67241
3658,3.98276
3659,3.75862
3660,3.77586
3661,3.68966
3662,3.7069
3663,3.74138
3664,3.68966
3665,3.17241
3666,3.94828
3667,3.34483
3668,4.05172
3669,3.31034
3670,3.06897
3671,3.5
3672,3.29167
3673,3.77586
3674,3.15517
3675,4
3676,3.7931
3677,4.13793
3678,2.93103
3679,3.48276
3680,3.86207
3681,3.75862
3682,3.81034
3683,2.84483
3684,4.12069
3685,4.12069
3686,3.18966
3687,3.75862
3688,4.36207
3689,3.53448
3690,3.18966
3691,4.2931
3692,3.60345
3693,3.25862
3694,2.84483
3695,3.94828
3696,2.7069
3697,4.10345
3698,3.46552
3699,3.87931
3700,3.7931
3701,4.17241
3702,3.89655
3703,3.68966
3704,4.17241
3705,4.15517
3706,3.17241
3707,3.51724
3708,4.05172
3709,3.62069
3710,3.7931
3711,4.10345
3712,3.31034
3713,3.74138
3714,2.91379
3715,3.32759
3716,2.62069
3717,3.94828
3718,4.17241
3719,3.58621
3720,3.65517
3721,3.27586
3722,3.55172
3723,3.22414
3724,3.8125
3725,3.17241
3726,3.68966
3727,3.67241
3728,3.58621
3729,3.06897
3730,3.01724
3731,4.10345
3732,4
3733,3.39655
3734,3.12069
3735,3.74138
3736,3.24138
3737,3.44828
3738,3.55172
3739,4.08621
3740,3.91379
3741,3.01724
3742,3.43103
3743,3.10345
3744,4.01724
3745,3.82759
3746,4.03448
3747,3.82759
3748,3.63793
3749,2.72414
3750,3.58621
3751,3.98276
3752,3.43103
3753,4
3754,3.93103
3755,2.2931
3756,3.89655
3757,2.75862
3758,3.74138
3759,3.82759
3760,4.13793
3761,3.44828
3762,3.46552
3763,4.08621
3764,4.10345
3765,3.68966
3766,3.08621
3767,3.84483
3768,3.5
3769,3.56897
3770,3.10345
3771,3.19643
3772,3.03448
3773,3.89655
3774,3.93103
3775,3.15517
3776,3.75862
3777,3.2069
3778,4.32759
3779,3.87931
3780,4
3781,3.91379
3782,3.87931
3783,3.75862
3784,3.5
3785,2.7931
3786,4.01724
3787,3.58621
3788,3.81034
3789,3.89655
3790,3.77586
3791,3.75862
3792,3.31034
3793,4.10345
3794,4.08621
3795,4
3796,3.44828
3797,3.93103
3798,3.48276
3799,3.81034
3800,4.22414
3801,3.72414
3802,3.31034
3803,4.12069
3804,3.7931
3805,3.06897
3806,3.91379
3807,3.44828
3808,3.93103
3809,4
3810,4.2931
3811,4.22414
3812,3.58621
3813,3.72414
3814,2.77586
3815,2.2931
3816,3.65517
3817,2.31034
3818,4.15517
3819,3.7931
3820,3.67241
3821,3.87931
3822,3.91379
3823,3.93103
3824,3.96552
3825,4.05172
3826,3.60345
3827,3.87931
3828,3.34483
3829,3.55172
3830,3.87931
3831,2.65517
3832,3.94828
3833,3.43103
3834,3.27586
3835,2.7931
3836,4.2069
3837,3.84483
3838,3.67241
3839,4.2931
3840,2.77586
3841,4.13793
3842,3.41379
3843,3.36207
3844,3.86207
3845,2.89655
3846,2.67241
3847,3.13793
3848,3.06897
3849,3.65517
3850,4.08621
3851,3.96552
3852,3.25862
3853,4.05172
3854,3.96552
3855,4.18966
3856,3.81034
3857,4.01724
3858,4.10345
3859,3.5
3860,3.46552
3861,3.2069
3862,3.56897
3863,3.53448
3864,3.93103
3865,4.06897
3866,4.12069
3867,4
3868,3.86207
3869,3.2931
3870,3.81034
3871,3.75862
3872,3.2931
3873,3.48276
3874,3.41379
3875,3.91379
3876,3.75862
3877,2.55172
3878,3.32759
3879,3.43103
3880,3.53448
3881,2.55172
3882,3.56897
3883,3.44828
3884,4.08621
3885,3.13793
3886,4.03571
3887,3.63793
3888,4.12069
3889,3.93103
3890,3.67241
3891,3.31034
3892,3.96552
3893,1.71875
3894,3.44828
3895,2.5
3896,3.77586
3897,3.91379
3898,3.63793
3899,3.89655
3900,3.86207
3901,3.82759
3902,3.32759
3903,3.63793
3904,3.77586
3905,3.56897
3906,3.31034
3907,4.2069
3908,3.12069
3909,4.01724
3910,3.56897
3911,4.25862
3912,3.7069
3913,4.01724
3914,2.56897
3915,3.7069
3916,3.36207
3917,4.03448
3918,3.87931
3919,3.2069
3920,4.05172
3921,4.24138
3922,3.93103
3923,3.7069
3924,3.65517
3925,3.96552
3926,4
3927,3.89655
3928,4.25862
3929,3.7931
3930,3.48276
3931,3.32759
3932,3.94828
3933,4.27586
3934,4.08621
3935,2.84483
3936,3.62069
3937,4.25862
3938,3.91379
3939,4
3940,4.13793
3941,3.58621
3942,3.58621
3943,3.93103
3944,3.48276
3945,4.01724
3946,3.86207
3947,2.37931
3948,3.96552
3949,4.05172
3950,3.84483
3951,2.89655
3952,3.86207
3953,3.34483
3954,2.93103
3955,3.5
3956,3.98276
3957,3.15517
3958,3.91379
3959,3.86207
3960,3.87931
3961,4.03448
3962,4.10345
3963,3.67241
3964,3.86207
3965,3.89655
3966,4
3967,3.62069
3968,2.67241
3969,3.55172
3970,3.08621
3971,3.74138
3972,3.65517
3973,4.03448
3974,3.7931
3975,3.48276
3976,4.13793
3977,2.53448
3978,4.31034
3979,3.89655
3980,4.22414
3981,3.06897
3982,4.10345
3983,3.75862
3984,4.27586
3985,4.06897
3986,2.28261
3987,3.36207
3988,2.58621
3989,3.63793
3990,4.05172
3991,3.39655
3992,3.86207
3993,4.17241
3994,3.86207
3995,3.75862
3996,4.01724
3997,3.10345
3998,3.31034
3999,3.22414
4000,3.94828
4001,4.01724
4002,3.55172
4003,3.93103
4004,3.89655
4005,3.60345
4006,3.56897
4007,2.89655
4008,2.58621
4009,3.27586
4010,3.89655
4011,3.60345
4012,3.98276
4013,3.63793
4014,3.74138
4015,3.72414
4016,3.22414
4017,3.67241
4018,3.75862
4019,2.5
4020,3.63793
4021,3.89655
4022,3.37931
4023,3.11111
4024,3.84483
4025,4.12069
4026,4.06897
4027,3.82759
4028,3.77586
4029,2.63793
4030,3.75862
4031,4.12069
4032,3.98276
4033,3.31034
4034,3.98276
4035,3.84483
4036,4.12069
4037,3.53448
4038,3.41379
4039,3.81034
4040,3.96552
4041,4.13793
4042,2.96552
4043,3.2931
4044,4.05172
4045,3.62069
4046,3.77586
4047,3.63793
4048,3.37931
4049,4.12069
4050,3.05172
4051,3.13793
4052,3.32759
4053,2.55172
4054,4.18966
4055,3.37931
4056,4.03448
4057,1.65385
4058,3.2069
4059,3
4060,4.12069
4061,3.36207
4062,4.13793
4063,3.34483
4064,2.87931
4065,3.77586
4066,3.62069
4067,3.87931
4068,3.67241
4069,3.55172
4070,4.15517
4071,2.36207
4072,4.25862
4073,3.84483
4074,3.72414
4075,2.56897
4076,2.91379
4077,3.41379
4078,3.91379
4079,3.46552
4080,3.48276
4081,3.87931
4082,2.86207
4083,3.96552
4084,4.13793
4085,3.7931
4086,3.46552
4087,3.96552
4088,4.12069
4089,4.01724
4090,3.82759
4091,3.2069
4092,3.65517
4093,3.84483
4094,3.44828
4095,3.56897
4096,3.77586
4097,3.74138
4098,3.7069
4099,3.93103
4100,3.44828
4101,3.82759
4102,3.25862
4103,4.31034
4104,3.84483
4105,3.72414
4106,3.75862
4107,3.93103
4108,3.72414
4109,3.43103
4110,4.12069
4111,4.13793
4112,3.87931
4113,4.22414
4114,3.91379
4115,3.75862
4116,4.22414
4117,3.43103
4118,3.93103
4119,3.82759
4120,3.75862
4121,3.03448
4122,2.86207
4123,3.39655
4124,4
4125,3.72414
4126,3.7931
4127,4.31034
4128,4.01724
4129,3.37931
4130,3.51724
4131,3.63793
4132,3.39655
4133,3.77586
4134,3.74138
4135,3.86207
4136,4.05172
4137,3.7069
4138,3.2069
4139,3.96552
4140,3.81034
4141,3.87931
4142,2.89655
4143,3.7069
4144,3.39655
4145,4.17241
4146,3.51724
4147,4.24138
4148,3.34483
4149,3.68966
4150,3.67241
4151,2.67241
4152,3.55172
4153,3.48276
4154,4.06897
4155,3.89655
4156,4.05172
4157,3.51724
4158,3.51724
4159,3.98276
4160,3.7069
4161,3.27273
4162,3.93103
4163,3.82759
4164,3.72414
4165,2.43103
4166,4.06897
4167,2.77586
4168,3.17241
4169,4.13793
4170,3.35
4171,3.5
4172,3.05172
4173,3.91379
4174,3.60345
4175,3.68966
4176,2.94828
4177,3.68966
4178,3.5
4179,2.87931
4180,2.66667
4181,3.51724
4182,3.94828
4183,3.51724
4184,3.2931
4185,3.43103
4186,3.39655
4187,3.75862
4188,3.17241
4189,3.67241
4190,4.17241
4191,3.77586
4192,3.24138
4193,3.17241
4194,4.13793
4195,3.2381
4196,3.32759
4197,2.77586
4198,2.93103
4199,4.15517
4200,3.56897
4201,3.31034
4202,4.27586
4203,4.15517
4204,3.91379
4205,3.94828
4206,3.32759
4207,4.10345
4208,3.67241
4209,4.24138
4210,4.10345
4211,3.65517
4212,3.87931
4213,3.65517
4214,3.77586
4215,3.43103
4216,4.06897
4217,3.63793
4218,3.39655
4219,4.06897
4220,3.43103
4221,3.84483
4222,4.17241
4223,4.03448
4224,3.7931
4225,3.94828
4226,3.78571
4227,4.03448
4228,4.15517
4229,4.17241
4230,3.58621
4231,2.91379
4232,3.67241
4233,3.96552
4234,3.27586
4235,4.06897
4236,3.15517
4237,4.17241
4238,3.5
4239,4.2069
4240,3.68966
4241,2.36207
4242,3.74138
4243,3.58621
4244,4.17241
4245,4.03448
4246,3.74138
4247,3.43103
4248,3.86207
4249,3.15517
4250,3.84483
4251,3.93103
4252,2.51724
4253,3.17241
4254,3.93103
4255,2.98276
4256,3.53448
4257,3.68966
4258,3.74138
4259,3.46552
4260,3.12069
4261,4.01724
4262,3.94828
4263,4.01724
4264,3
4265,3.77586
4266,3.08621
4267,3.67241
4268,3.7069
4269,4.15517
4270,3.93103
4271,3.87931
4272,3.67241
4273,3.7069
4274,3.18966
4275,3.56897
4276,4.18966
4277,4.01724
4278,3.34483
4279,4
4280,3.58621
4281,3.63793
4282,3.93103
4283,3.7069
4284,3.24138
4285,3.77586
4286,4.03448
4287,3.37931
4288,3.63793
4289,3.53448
4290,4.12069
4291,3.13793
4292,2.86207
4293,3.68966
4294,3.55172
4295,3.75862
4296,2.91379
4297,2.67241
4298,3.05172
4299,3.68966
4300,4.08621
4301,3.5
4302,2.87931
4303,3.13793
4304,3.46552
4305,3.94828
4306,3.96552
4307,4.05172
4308,2.37931
4309,3.81034
4310,3.44828
4311,3.72414
4312,3.56897
4313,3.94828
4314,3.7069
4315,2.68966
4316,3.62069
4317,2.8
4318,3.74138
4319,3.96552
4320,2.93103
4321,3.81034
4322,3.41379
4323,2.82759
4324,3.96552
4325,3.55172
4326,3.7931
4327,4.08621
4328,3.98276
4329,3.62069
4330,3.32759
4331,3.65517
4332,3.63793
4333,3.72414
4334,3.63793
4335,4.15517
4336,3.82759
4337,4.06897
4338,4.08621
4339,3.91379
4340,3.51724
4341,3.52632
4342,3.93103
4343,3.17241
4344,3.77586
4345,3.81034
4346,3.86207
4347,3.89655
4348,2.91379
4349,3.53448
4350,3.5
4351,3.75862
4352,3.32759
4353,3.56897
4354,4.05172
4355,4.10345
4356,3.74138
4357,3.56897
4358,4.36207
4359,4.13793
4360,3.77586
4361,3.22414
4362,3.91379
4363,3.2931
4364,3.46552
4365,3.93103
4366,3.72414
4367,2.53448
4368,3.2069
4369,4
4370,3.34483
4371,3.82759
4372,3.41379
4373,3.93103
4374,4
4375,3.32759
4376,2.82759
4377,3.91379
4378,3.31034
4379,3.82759
4380,4.05172
4381,4.13793
4382,3.77586
4383,3.91379
4384,3.81034
4385,3.53448
4386,4.10345
4387,3.98276
4388,3.67241
4389,3.48276
4390,4.01724
4391,3.36207
4392,4
4393,3.65517
4394,4.22414
4395,3.34483
4396,3.63793
4397,3.91379
4398,3.01724
4399,3.86207
4400,3.65517
4401,2.84483
4402,4.18966
4403,3.87931
4404,4.01724
4405,4.03448
4406,3.60345
4407,3.77586
4408,3.05172
4409,3.60345
4410,3.60345
4411,3.2931
4412,3.63793
4413,4.12069
4414,3.82759
4415,3.65517
4416,3.82759
4417,3.46552
4418,3.64286
4419,3.58621
4420,3.96552
4421,2.2931
4422,3.62069
4423,3.86207
4424,3.67241
4425,3.96552
4426,3.68966
4427,4.24138
4428,4.2931
4429,3.63793
4430,4.2069
4431,3.17241
4432,3.39655
4433,3.34483
4434,3.63793
4435,3.98276
4436,3.75862
4437,3.91379
4438,2.27586
4439,3.96552
4440,3.96552
4441,3.7069
4442,4.06897
4443,3.25862
4444,3.98276
4445,3.87931
4446,3.62069
4447,3.94828
4448,4.01724
4449,2.74138
4450,2.81579
4451,3.96552
4452,3.77586
4453,3.44828
4454,4.01724
4455,3.86207
4456,3.87931
4457,3.34483
4458,3.37931
4459,3.96552
4460,4.08621
4461,3.24138
4462,3.98276
4463,3.98276
4464,3.7069
4465,3.46552
4466,3.74138
4467,4.22414
4468,2.98276
4469,3.10345
4470,2.94828
4471,4.12069
4472,3.72414
4473,3.48276
4474,3.89655
4475,3.24138
4476,3.68966
4477,3.86207
4478,3.81034
4479,3.98276
4480,3.75862
4481,3.5
4482,2
4483,4.01724
4484,3.86207
4485,3.93103
4486,3.08621
4487,3.72414
4488,3.91379
4489,3.84483
4490,3.98276
4491,3.68966
4492,3.24138
4493,3.37931
4494,2.48276
4495,3.53448
4496,3.77586
4497,3.82759
4498,3.58621
4499,3.94828
4500,3.68966
4501,3.5
4502,3.77586
4503,3.2069
4504,4.24138
4505,3.67241
4506,3.12069
4507,3.74138
4508,3.53448
4509,4.2069
4510,4.06897
4511,3.37931
4512,3.89655
4513,3.94828
4514,3.12069
4515,3.86207
4516,3.81034
4517,3.81034
4518,3.46552
4519,2.82759
4520,3.39655
4521,2.68966
4522,3.08621
4523,3.51724
4524,4.15517
4525,3.13793
4526,3.2931
4527,3.84483
4528,3.13793
4529,3.03448
4530,3.58621
4531,3.72414
4532,3.81034
4533,3.05
4534,4.27586
4535,1.21429
4536,2.91379
4537,3.96552
4538,3.77586
4539,3.13793
4540,4.22414
4541,3.2069
4542,3.82759
4543,3.15517
4544,3.94828
4545,3.93103
4546,4.01724
4547,3.51724
4548,4.34483
4549,2.84483
4550,3.03448
4551,3.98276
4552,4.17241
4553,3.86207
4554,4.06897
4555,3.46552
4556,3.13793
4557,3.17241
4558,2.94828
4559,3.31034
4560,4
4561,3.77586
4562,4.25862
4563,4.06897
4564,3.5
4565,4.01724
4566,3.46552
4567,3.98276
4568,3.65517
4569,4.13793
4570,4.2069
4571,3.12069
4572,3.31034
4573,4.25862
4574,3.94828
4575,3.10345
4576,2.24138
4577,4.08621
4578,3.60345
4579,3.08621
4580,3.98276
4581,3.74138
4582,3.94828
4583,3.87931
4584,3.82759
4585,3.7931
4586,3.91379
4587,1.72414
4588,3.81034
4589,4.10345
4590,4
4591,3.2069
4592,4.2069
4593,3.89655
4594,2.56897
4595,3.77586
4596,3.34483
4597,3.25862
4598,2.5
4599,2.34483
4600,3
4601,3.7931
4602,4.05172
4603,3.5
4604,3.96552
4605,3.60345
4606,3.87931
4607,3.56897
4608,4.06897
4609,3.84483
4610,4.08621
4611,3.74138
4612,3.5
4613,4.01724
4614,3.13793
4615,3.67241
4616,4
4617,3.87931
4618,3.96552
4619,3.75862
4620,3.65517
4621,3.15517
4622,3.89655
4623,3.93103
4624,3.37931
4625,3.58621
4626,4.06897
4627,3.32759
4628,3.7931
4629,3.67241
4630,3.93103
4631,4.15517
4632,4.05172
4633,3.03448
4634,4
4635,3.84483
4636,3.65517
4637,3.75862
4638,3.60345
4639,3.89655
4640,3.63793
4641,3.34483
4642,3.87931
4643,3.84483
4644,2.48276
4645,4.15517
4646,3.58621
4647,3.62069
4648,3.63793
4649,3.62069
4650,3.12069
4651,3.98276
4652,3.94828
4653,3.25862
4654,3.87931
4655,4.05172
4656,2.81034
4657,3.7069
4658,4.18966
4659,3.94828
4660,3.81034
4661,3.03448
4662,3.51724
4663,3.68966
4664,3.91379
4665,3.65517
4666,3.94828
4667,3.43103
4668,2.25862
4669,2.5
4670,4.03448
4671,3.2931
4672,3.68966
4673,4.32759
4674,4.2069
4675,4.01724
4676,3.22414
4677,3.63793
4678,3.68966
4679,3.7069
4680,3.03448
4681,4.01724
4682,3.34483
4683,3.84483
4684,4.10345
4685,3.93103
4686,3.94828
4687,4.22414
4688,3.81034
4689,3.72414
4690,3.65517
4691,3.08621
4692,3.53448
4693,4.24138
4694,4.18966
4695,4.17241
4696,3.87931
4697,3.58621
4698,3.22414
4699,3.53448
4700,2.39655
4701,3.89655
4702,4.34483
4703,3
4704,4.15517
4705,3.65517
4706,4.01724
4707,2.55882
4708,3.96552
4709,3.86207
4710,3.56897
4711,4.2069
4712,3.72414
4713,3.17241
4714,3.48276
4715,3.39655
4716,3.48276
4717,3.84483
4718,3.51724
4719,3.34483
4720,3.77586
4721,3.7069
4722,3.86207
4723,3.44828
4724,3.86207
4725,3.41379
4726,3.7931
4727,3.55172
4728,3.93103
4729,2.51724
4730,4.10345
4731,3.44828
4732,3.31034
4733,4.01724
4734,3.58621
4735,3.89655
4736,4.43103
4737,3.7069
4738,3.55172
4739,3.67241
4740,3.56897
4741,3.44828
4742,3.93103
4743,3.44828
4744,3.67241
4745,3.74138
4746,3.55172
4747,3.94828
4748,3.86207
4749,4.43103
4750,3.27586
4751,2.89655
4752,4.27586
4753,3.58621
4754,3.43103
4755,3.43103
4756,3.36207
4757,3.53448
4758,3.10345
4759,4.03448
4760,3.2069
4761,3.46552
4762,3.44828
4763,3.98276
4764,2.67241
4765,3.41379
4766,3.75862
4767,3.48276
4768,3.01724
4769,3.63793
4770,4.01724
4771,3.7931
4772,1.93103
4773,3.13793
4774,3.86207
4775,3.03448
4776,3.17241
4777,4.08621
4778,4.24138
4779,2.5
4780,3.63793
4781,3.65517
4782,3.67241
4783,3.74138
4784,3.5
4785,3.82759
4786,4.08621
4787,3.25862
4788,3.34483
4789,3.72414
4790,3.56897
4791,4.15517
4792,3.7931
4793,3.89655
4794,3.84483
4795,3.72414
4796,3.63793
4797,3.18966
4798,2.58621
4799,3.32759
4800,3.39655
4801,3.63793
4802,3.87931
4803,3.82759
4804,4.27586
4805,4.05172
4806,3.74138
4807,2.93103
4808,4.01724
4809,3.27586
4810,3.62069
4811,4.05172
4812,3.53448
4813,3.15517
4814,2.91379
4815,4.03448
4816,3.56897
4817,2.94828
4818,2.67241
4819,3.7931
4820,3.58621
4821,3.98276
4822,3.89655
4823,3.62069
4824,3.75862
4825,4.03448
4826,3.56897
4827,4.13793
4828,4.01724
4829,4.03448
4830,3.84483
4831,3.87931
4832,4.25862
4833,3.68966
4834,3.27586
4835,3.63793
4836,3.22414
4837,4.18966
4838,3.7069
4839,2.5
4840,4.03448
4841,3.7069
4842,3.60345
4843,4.01724
4844,3.98276
4845,3.77586
4846,2.93103
4847,3.5
4848,4
4849,3.74138
4850,3.62069
4851,4.2069
4852,3.60345
4853,3.55172
4854,3.94828
4855,3.05172
4856,4.12069
4857,4.01724
4858,3.17241
4859,3.37931
4860,3.2931
4861,3
4862,2.56897
4863,3.56897
4864,3.55172
4865,3.44828
4866,3.5
4867,3.7069
4868,3.51724
4869,3.89655
4870,2.91379
4871,4.03448
4872,3.60345
4873,4.44828
4874,2.63793
4875,3.60345
4876,3.62069
4877,3.87931
4878,3.72414
4879,3.5
4880,3.36207
4881,4.12069
4882,3.46552
4883,3.22414
4884,3.84483
4885,3.93103
4886,3.08621
4887,3.65517
4888,3.65517
4889,2.91379
4890,3.75862
4891,3.55172
4892,3.32759
4893,3.15517
4894,3.48276
4895,2.94828
4896,4.18966
4897,4.2069
4898,3.7931
4899,4.01724
4900,3.32759
4901,3.31034
4902,2.93103
4903,3.2931
4904,3.98276
4905,4.2069
4906,3.65517
4907,4
4908,3.7069
4909,3.86207
4910,3.84483
4911,3.2931
4912,2.58621
4913,3.48276
4914,3.77586
4915,4.12069
4916,4.05172
4917,3.63793
4918,3.86207
4919,3.15517
4920,3.32759
4921,3.2069
4922,3.51724
4923,3.31034
4924,2.76923
4925,4.01724
4926,3.87931
4927,3.53448
4928,4.13793
4929,3.24138
4930,4.08621
4931,4.10345
4932,3.75862
4933,3.13793
4934,3.7931
4935,3.7931
4936,2.75862
4937,3.37931
4938,3.91379
4939,3.65517
4940,3.7069
4941,3.46552
4942,4.08621
4943,4.18966
4944,3.46552
4945,3.82759
4946,3.51724
4947,4.01724
4948,3.62069
4949,4.13793
4950,3.17241
4951,4.05172
4952,4
4953,3.5
4954,3.12069
4955,4.10345
4956,3.86207
4957,4.06897
4958,4.13793
4959,4.2931
4960,3.2069
4961,3.41379
4962,3.41379
4963,3.5
4964,2.93103
4965,3.58621
4966,3.10345
4967,3.89655
4968,2.84483
4969,4.10345
4970,2.5
4971,3.25862
4972,3.89655
4973,2.25862
4974,4.05172
4975,4.2931
4976,3.81034
4977,3.53448
4978,4.15517
4979,3.63793
4980,3.43103
4981,3.81034
4982,3.51724
4983,3.98276
4984,3.94828
4985,3.18966
4986,4
4987,3.67241
4988,2.74138
4989,3.15517
4990,3.56897
4991,4.06897
4992,3.48276
4993,3.27586
4994,3.82759
4995,3.84483
4996,3.51724
4997,3.65517
4998,4.18966
4999,3.98276
